"id","name","description","retro","is_completed","StartDate","EndDate","project_lifecycle_id","program_id","created_at","updated_at"
"1","Mats POC Taxonomy","abc",NULL,False,"2018-05-29","2018-07-20","1","1","2024-06-19 07:52:35.004901","2024-06-19 07:52:35.004901"
"2","Data Governance Program","","",False,"2009-04-01","2009-10-23","1","2","2024-06-22 04:45:18.222322","2024-06-22 04:45:18.222322"
"3","Data Governance Program","","",False,"2009-04-01","2009-10-23",NULL,NULL,"2024-06-25 01:09:51.145504","2024-06-25 01:09:51.145504"
"4","Data Governance Program","","",False,"2009-04-01","2009-10-23",NULL,NULL,"2024-06-25 02:51:08.253581","2024-06-25 02:51:08.253581"
"5","Data Governance Program","","",False,"2009-04-01","2009-10-23",NULL,NULL,"2024-06-25 02:53:41.658113","2024-06-25 02:53:41.658113"
"6","Data Governance Program","","",False,"2009-04-01","2009-10-23",NULL,NULL,"2024-06-26 11:50:54.57154","2024-06-26 11:50:54.57154"
"7","Data Governance Program","","",False,"2009-04-01","2009-10-23",NULL,NULL,"2024-06-26 11:51:47.322701","2024-06-26 11:51:47.322701"
"8","Data Governance Program","","",False,"2009-04-01","2009-10-23",NULL,NULL,"2024-06-26 11:54:52.240579","2024-06-26 11:54:52.240579"
"9","Data Governance Program","","",False,"2009-04-01","2009-10-23",NULL,NULL,"2024-06-26 11:59:39.654651","2024-06-26 11:59:39.654651"
"10","Data Governance Program","","",False,"2009-04-01","2009-10-23",NULL,NULL,"2024-06-26 12:04:34.833309","2024-06-26 12:04:34.833309"
"11","Data Governance Program","","",False,"2009-04-01","2009-10-23",NULL,NULL,"2024-06-26 12:09:23.753786","2024-06-26 12:09:23.753786"
"12","Data Governance Program","","",False,"2009-04-01","2009-10-23",NULL,NULL,"2024-06-26 12:10:06.32367","2024-06-26 12:10:06.32367"
"13","Data Governance Program","","",False,"2009-04-01","2009-10-23",NULL,NULL,"2024-06-26 12:11:28.510995","2024-06-26 12:11:28.510995"
"14","Data Governance Program","","",False,"2009-04-01","2009-10-23",NULL,NULL,"2024-06-26 12:25:34.691319","2024-06-26 12:25:34.691319"
"15","Data Governance Program","","",False,"2009-04-01","2009-10-23",NULL,NULL,"2024-06-26 12:29:41.91253","2024-06-26 12:29:41.91253"
"16","Data Governance Program","","",False,"2009-04-01","2009-10-23",NULL,NULL,"2024-06-26 12:36:32.995708","2024-06-26 12:36:32.995708"
"17","Data Governance Program","","",False,"2009-04-01","2009-10-23",NULL,NULL,"2024-06-26 12:41:40.551318","2024-06-26 12:41:40.551318"
"18","Data Governance Program","","",False,"2009-04-01","2009-10-23",NULL,NULL,"2024-06-26 12:47:25.905649","2024-06-26 12:47:25.905649"
"19","Data Governance Program","","",False,"2009-04-01","2009-10-23",NULL,NULL,"2024-06-26 12:48:23.073405","2024-06-26 12:48:23.073405"
"20","Data Governance Program","","",False,"2009-04-01","2009-10-23",NULL,NULL,"2024-06-28 09:38:36.487443","2024-06-28 09:38:36.487443"
"21","Data Governance Program","","",False,"2009-04-01","2009-10-23",NULL,NULL,"2024-07-02 00:46:50.617072","2024-07-02 00:46:50.617072"
"22","Data Governance Program","","",False,"2009-04-01","2009-10-23",NULL,NULL,"2024-07-10 00:35:21.198425","2024-07-10 00:35:21.198425"
"23","Data Governance Program","","",False,"2009-04-01","2009-10-23",NULL,NULL,"2024-07-10 23:45:16.257515","2024-07-10 23:45:16.257515"
"24","Data Governance Program","","",False,"2009-04-01","2009-10-23",NULL,NULL,"2024-07-10 23:57:20.264554","2024-07-10 23:57:20.264554"
"25","Data Governance Program","","",False,"2009-04-01","2009-10-23",NULL,NULL,"2024-08-06 18:19:05.36832","2024-08-06 18:19:05.36832"
